﻿<?xml version="1.0" encoding="utf-8" ?>
<Urls>
  <!--<Url>
    <Name>Amazon</Name>
    <Value>http://www.amazon.com/?_encoding=UTF8&amp;tag=davebrowphot-20</Value>
  </Url>
  <Url>
    <Name>Buy.com</Name>
    <Value>http://affiliate.buy.com/gateway.aspx?adid=17662&amp;aid=10389803&amp;pid=3914369</Value>
  </Url>-->
  <Url>
    <Name>Ebay.com</Name>
    <Value>http://rover.ebay.com/rover/1/711-53200-19255-0/1?icep_ff3=1&amp;pub=5574903514&amp;toolid=10001&amp;campid=5336638736&amp;customid=&amp;ipn=psmain&amp;icep_vectorid=229466&amp;kwid=902099&amp;mtid=824&amp;kw=lg</Value>
  </Url>
</Urls>