﻿<?xml version="1.0" encoding="utf-8" ?>
<menus>
  <MenuItem>
    <DisplayText>Engagement</DisplayText>
    <Url>~/Denver-Engagement-Photographer.aspx</Url>
    <Target>_self</Target>
    <MenuID>7</MenuID>
    <ParentMenuID>2</ParentMenuID>
    <IsSwingItem>False</IsSwingItem>
    <Title>Denver Engagement Photographer</Title>
  </MenuItem>
  <MenuItem>
    <DisplayText>Fashion</DisplayText>
    <Url>~/Denver-Fashion-Photographer.aspx</Url>
    <Target>_self</Target>
    <MenuID>8</MenuID>
    <ParentMenuID>2</ParentMenuID>
    <IsSwingItem>False</IsSwingItem>
    <Title>Denver Fashion Photographer</Title>
  </MenuItem>
  <MenuItem>
    <DisplayText>Portrait</DisplayText>
    <Url>~/Denver-Portrait-Photographer.aspx</Url>
    <Target>_self</Target>
    <MenuID>9</MenuID>
    <ParentMenuID>2</ParentMenuID>
    <IsSwingItem>False</IsSwingItem>
    <Title>Denver Portrait Photographer</Title>
  </MenuItem>
  <MenuItem>
    <DisplayText>Wedding</DisplayText>
    <Url>~/Denver-Wedding-Photographer.aspx</Url>
    <Target>_self</Target>
    <MenuID>53</MenuID>
    <ParentMenuID>2</ParentMenuID>
    <IsSwingItem>False</IsSwingItem>
    <Title>Denver Wedding Photographer</Title>
  </MenuItem>
  <MenuItem>
    <DisplayText>Senior Portraits</DisplayText>
    <Url>~/Denver-Senior-Portrait-Photographer.aspx</Url>
    <Target>_self</Target>
    <MenuID>50</MenuID>
    <ParentMenuID>2</ParentMenuID>
    <IsSwingItem>False</IsSwingItem>
    <Title>Denver Senior Portrait Photographer</Title>
  </MenuItem>
  <MenuItem>
    <DisplayText>Pets</DisplayText>
    <Url>~/Denver-Pet-Portrait-Photographer.aspx</Url>
    <Target>_self</Target>
    <MenuID>52</MenuID>
    <ParentMenuID>2</ParentMenuID>
    <IsSwingItem>False</IsSwingItem>
    <Title>Denver Pet Portrait Photographer</Title>
  </MenuItem>
  <MenuItem>
    <DisplayText>Food</DisplayText>
    <Url>~/Denver-Food-Photographer.aspx</Url>
    <Target>_self</Target>
    <MenuID>60</MenuID>
    <ParentMenuID>2</ParentMenuID>
    <IsSwingItem>False</IsSwingItem>
    <Title>Denver Food Photographer</Title>
  </MenuItem>
  <MenuItem>
    <DisplayText>Commercial</DisplayText>
    <Url>~/Denver-Commercial-Photographer.aspx</Url>
    <Target>_self</Target>
    <MenuID>51</MenuID>
    <ParentMenuID>2</ParentMenuID>
    <IsSwingItem>False</IsSwingItem>
    <Title>Denver Commercial Photographer</Title>
  </MenuItem>
</menus>