﻿<?xml version="1.0" encoding="utf-8" ?>
<Menus>
  <MenuItem>
    <DisplayText>Home</DisplayText>
    <Url>~/Home.aspx</Url>
    <Target>_self</Target>
    <MenuID>1</MenuID>
    <ParentMenuID>0</ParentMenuID>
    <IsSwingItem>False</IsSwingItem>
    <Title>Denver Photographer Home, Denver Portrait Photographer Home</Title>
  </MenuItem>
  <MenuItem>
    <DisplayText>Blog</DisplayText>
    <Url>~/BlogInstall/index.php</Url>
    <Target>_self</Target>
    <MenuID>3</MenuID>
    <ParentMenuID>0</ParentMenuID>
    <IsSwingItem>False</IsSwingItem>
    <Title>Denver Photographer Dave Browns Blog</Title>
  </MenuItem>
  <MenuItem>
    <DisplayText>About</DisplayText>
    <Url>~/About.aspx</Url>
    <Target>_self</Target>
    <MenuID>5</MenuID>
    <ParentMenuID>0</ParentMenuID>
    <IsSwingItem>False</IsSwingItem>
    <Title>About Denver Photographer Dave Brown</Title>
  </MenuItem>
  <MenuItem>
    <DisplayText>Contact</DisplayText>
    <Url>~/Contact.aspx</Url>
    <Target>_self</Target>
    <MenuID>6</MenuID>
    <ParentMenuID>0</ParentMenuID>
    <IsSwingItem>False</IsSwingItem>
    <Title>Contact Denver Portrait Photographer</Title>
  </MenuItem>
</Menus>